poradi;slozka;nazev_souboru;typ;lekce;text;text_pro_elevenlabs;stav
1;t1;l1n-u3.mp3;poslech;cj-t1-l1n úloha 3;Na čtvrté zastávce přistoupilo několik kluků z naší třídy a my jsme jim udělali místo.;Na čtvrté zastávce přistoupilo několik kluků z naší třídy a my jsme jim udělali místo.;natocit
2;t1;l3n-u2.mp3;poslech;cj-t1-l3n úloha 2;Celý večer jsme závodili okolo školy. Rodiče stáli kolem a povzbuzovali nás.;Celý večer jsme závodili okolo školy. Rodiče stáli kolem a povzbuzovali nás.;natocit
3;t3;l9-u3.mp3;poslech;cj-t3-l9 úloha 3;Emin dort byl lepší než ten můj.;Emin dort byl lepší než ten můj.;natocit
4;t3;l11-u3.mp3;poslech;cj-t3-l11 úloha 3;Tomášovi rodiče koupili Tomášovi nové kolo.;Tomášovi rodiče koupili Tomášovi nové kolo.;natocit
5;t3;l12-d1.mp3;diktát;cj-t3-l12 úloha 5, věta 1;Malí kluci čekají na hřišti.;"Malí kluci čekají na hřišti. <break time=""2s"" /> Malí <break time=""0.7s"" /> kluci <break time=""0.7s"" /> čekají <break time=""0.7s"" /> na <break time=""0.7s"" /> hřišti.";natocit
6;t3;l12-d2.mp3;diktát;cj-t3-l12 úloha 5, věta 2;Tomášovy boty jsou nové.;"Tomášovy boty jsou nové. <break time=""2s"" /> Tomášovy <break time=""0.7s"" /> boty <break time=""0.7s"" /> jsou <break time=""0.7s"" /> nové.";natocit
7;t3;l12-d3.mp3;diktát;cj-t3-l12 úloha 5, věta 3;Ten veselý pes je Klářin.;"Ten veselý pes je Klářin. <break time=""2s"" /> Ten <break time=""0.7s"" /> veselý <break time=""0.7s"" /> pes <break time=""0.7s"" /> je <break time=""0.7s"" /> velké písmeno — Klářin.";natocit
8;t3;l12-d4.mp3;diktát;cj-t3-l12 úloha 5, věta 4;Adamovi rodiče čekají doma.;"Adamovi rodiče čekají doma. <break time=""2s"" /> Adamovi <break time=""0.7s"" /> rodiče <break time=""0.7s"" /> čekají <break time=""0.7s"" /> doma.";natocit
9;t4;l14-u3.mp3;poslech;cj-t4-l14 úloha 3;Lucka potkala Kláru, podala jí ruku a pozvala ji domů.;Lucka potkala Kláru, podala jí ruku a pozvala ji domů.;natocit
10;t4;l15-u3.mp3;poslech;cj-t4-l15 úloha 3;Na výlet jsme jeli se třema kamarády a se dvěma kamarádkami.;Na výlet jsme jeli se třema kamarády a se dvěma kamarádkami.;natocit
11;t4;l16-d1.mp3;diktát;cj-t4-l16 úloha 5, věta 1;Klára mně půjčila sešit.;"Klára mně půjčila sešit. <break time=""2s"" /> Klára <break time=""0.7s"" /> mně <break time=""0.7s"" /> půjčila <break time=""0.7s"" /> sešit.";natocit
12;t4;l16-d2.mp3;diktát;cj-t4-l16 úloha 5, věta 2;Ema ji pozvala na oslavu.;"Ema ji pozvala na oslavu. <break time=""2s"" /> Ema <break time=""0.7s"" /> ji <break time=""0.7s"" /> pozvala <break time=""0.7s"" /> na <break time=""0.7s"" /> oslavu.";natocit
13;t4;l16-d3.mp3;diktát;cj-t4-l16 úloha 5, věta 3;Dal jsem to oběma sestrám.;"Dal jsem to oběma sestrám. <break time=""2s"" /> Dal <break time=""0.7s"" /> jsem <break time=""0.7s"" /> to <break time=""0.7s"" /> oběma <break time=""0.7s"" /> sestrám.";natocit
14;t5;l17-u3.mp3;poslech;cj-t5-l17 úloha 3;Večer bysme mohli jít do kina.;Večer bysme mohli jít do kina.;natocit
15;t5;l18-u3.mp3;poslech;cj-t5-l18 úloha 3;Zítra napíšu test a potom budu číst knihu.;Zítra napíšu test a potom budu číst knihu.;natocit
16;t5;l20-d1.mp3;diktát;cj-t5-l20 úloha 5, věta 1;Tomáš by šel ven.;"Tomáš by šel ven. <break time=""2s"" /> Tomáš <break time=""0.7s"" /> by <break time=""0.7s"" /> šel <break time=""0.7s"" /> ven.";natocit
17;t5;l20-d2.mp3;diktát;cj-t5-l20 úloha 5, věta 2;Večer budu číst knihu.;"Večer budu číst knihu. <break time=""2s"" /> Večer <break time=""0.7s"" /> budu <break time=""0.7s"" /> číst <break time=""0.7s"" /> knihu.";natocit
18;t5;l20-d3.mp3;diktát;cj-t5-l20 úloha 5, věta 3;Dům byl postaven loni.;"Dům byl postaven loni. <break time=""2s"" /> Dům <break time=""0.7s"" /> byl <break time=""0.7s"" /> postaven <break time=""0.7s"" /> loni.";natocit
19;t5;l20-d4.mp3;diktát;cj-t5-l20 úloha 5, věta 4;Zavři okno!;"Zavři okno! <break time=""2s"" /> Zavři <break time=""0.7s"" /> okno.";natocit
20;t6;l21-u3.mp3;poslech;cj-t6-l21 úloha 3;První věta: Hodiny na věži začaly bít poledne. Druhá věta: Chtěl bych být brankářem. Třetí věta: Každou sobotu pomáhám tátovi mýt auto.;První věta: Hodiny na věži začaly bít poledne. Druhá věta: Chtěl bych být brankářem. Třetí věta: Každou sobotu pomáhám tátovi mýt auto.;natocit
21;t6;l23-u3.mp3;poslech;cj-t6-l23 úloha 3;První věta: V lese houká výr. Druhá věta: Ve vodě se točil vír. Třetí věta: Pes celou noc vyl.;První věta: V lese houká výr. Druhá věta: Ve vodě se točil vír. Třetí věta: Pes celou noc vyl.;natocit
22;t6;l24-d1.mp3;diktát;cj-t6-l24 úloha 5, věta 1;Obyvatelé vesnice bydlí u mlýna.;"Obyvatelé vesnice bydlí u mlýna. <break time=""2s"" /> Obyvatelé <break time=""0.7s"" /> vesnice <break time=""0.7s"" /> bydlí <break time=""0.7s"" /> u <break time=""0.7s"" /> mlýna.";natocit
23;t6;l24-d2.mp3;diktát;cj-t6-l24 úloha 5, věta 2;Brzy ráno slyšíme sýkoru.;"Brzy ráno slyšíme sýkoru. <break time=""2s"" /> Brzy <break time=""0.7s"" /> ráno <break time=""0.7s"" /> slyšíme <break time=""0.7s"" /> sýkoru.";natocit
24;t6;l24-d3.mp3;diktát;cj-t6-l24 úloha 5, věta 3;Vlk v lese vyl.;"Vlk v lese vyl. <break time=""2s"" /> Vlk <break time=""0.7s"" /> v <break time=""0.7s"" /> lese <break time=""0.7s"" /> vyl.";natocit
25;t6;l24-d4.mp3;diktát;cj-t6-l24 úloha 5, věta 4;Tomáš si umyl ruce.;"Tomáš si umyl ruce. <break time=""2s"" /> Tomáš <break time=""0.7s"" /> si <break time=""0.7s"" /> umyl <break time=""0.7s"" /> ruce.";natocit
26;t7;l25-u3.mp3;poslech;cj-t7-l25 úloha 3;Holky z naší třídy trénovaly po škole volejbal. Potom šly na zmrzlinu.;Holky z naší třídy trénovaly po škole volejbal. Potom šly na zmrzlinu.;natocit
27;t7;l27-u3.mp3;poslech;cj-t7-l27 úloha 3;Po koncertě čekali rodiče před školou. Děti vyběhly ven a mávaly na ně. Potom všichni šli k autu.;Po koncertě čekali rodiče před školou. Děti vyběhly ven a mávaly na ně. Potom všichni šli k autu.;natocit
28;t7;l28-d1.mp3;diktát;cj-t7-l28 úloha 5, věta 1;Kluci hráli na hřišti fotbal.;"Kluci hráli na hřišti fotbal. <break time=""2s"" /> Kluci <break time=""0.7s"" /> hráli <break time=""0.7s"" /> na <break time=""0.7s"" /> hřišti <break time=""0.7s"" /> fotbal.";natocit
29;t7;l28-d2.mp3;diktát;cj-t7-l28 úloha 5, věta 2;Děti seděly u okna.;"Děti seděly u okna. <break time=""2s"" /> Děti <break time=""0.7s"" /> seděly <break time=""0.7s"" /> u <break time=""0.7s"" /> okna.";natocit
30;t7;l28-d3.mp3;diktát;cj-t7-l28 úloha 5, věta 3;Rodiče čekali venku.;"Rodiče čekali venku. <break time=""2s"" /> Rodiče <break time=""0.7s"" /> čekali <break time=""0.7s"" /> venku.";natocit
31;t7;l28-d4.mp3;diktát;cj-t7-l28 úloha 5, věta 4;Auta stála před domem.;"Auta stála před domem. <break time=""2s"" /> Auta <break time=""0.7s"" /> stála <break time=""0.7s"" /> před <break time=""0.7s"" /> domem.";natocit
32;t8;l30-u3.mp3;poslech;cj-t8-l30 úloha 3;Kvůli dešti jsme v sobotu zůstali doma.;Kvůli dešti jsme v sobotu zůstali doma.;natocit
33;t8;l31-u3.mp3;poslech;cj-t8-l31 úloha 3;Kluk s modrou čepicí čekal u vchodu.;Kluk s modrou čepicí čekal u vchodu.;natocit
34;t8;l32-d1.mp3;diktát;cj-t8-l32 úloha 5, věta 1;Náš soused je kuchař.;"Náš soused je kuchař. <break time=""2s"" /> Náš <break time=""0.7s"" /> soused <break time=""0.7s"" /> je <break time=""0.7s"" /> kuchař.";natocit
35;t8;l32-d2.mp3;diktát;cj-t8-l32 úloha 5, věta 2;Ten starý dům u řeky je prázdný.;"Ten starý dům u řeky je prázdný. <break time=""2s"" /> Ten <break time=""0.7s"" /> starý <break time=""0.7s"" /> dům <break time=""0.7s"" /> u <break time=""0.7s"" /> řeky <break time=""0.7s"" /> je <break time=""0.7s"" /> prázdný.";natocit
36;t8;l32-d3.mp3;diktát;cj-t8-l32 úloha 5, věta 3;Večer čekal Adam venku.;"Večer čekal Adam venku. <break time=""2s"" /> Večer <break time=""0.7s"" /> čekal <break time=""0.7s"" /> velké písmeno — Adam <break time=""0.7s"" /> venku.";natocit
37;t9;l33-u3.mp3;poslech;cj-t9-l33 úloha 3;Když jsme přišli domů, máma vařila večeři a táta četl noviny.;Když jsme přišli domů, máma vařila večeři a táta četl noviny.;natocit
38;t9;l34-u2.mp3;poslech;cj-t9-l34 úloha 2;Lucka čte knihu a Tomáš, který přišel pozdě, píše úkol.;Lucka čte knihu a Tomáš, který přišel pozdě, píše úkol.;natocit
39;t9;l36-d1.mp3;diktát;cj-t9-l36 úloha 5, věta 1;Doufám, že Tomáš přijde domů.;"Doufám, že Tomáš přijde domů. <break time=""2s"" /> Doufám <break time=""0.7s"" /> že <break time=""0.7s"" /> velké písmeno — Tomáš <break time=""0.7s"" /> přijde <break time=""0.7s"" /> domů.";natocit
40;t9;l36-d2.mp3;diktát;cj-t9-l36 úloha 5, věta 2;Kluk, který sedí vedle, hraje hokej.;"Kluk, který sedí vedle, hraje hokej. <break time=""2s"" /> Kluk <break time=""0.7s"" /> který <break time=""0.7s"" /> sedí <break time=""0.7s"" /> vedle <break time=""0.7s"" /> hraje <break time=""0.7s"" /> hokej.";natocit
41;t9;l36-d3.mp3;diktát;cj-t9-l36 úloha 5, věta 3;Do batohu dej svetr, bundu a boty.;"Do batohu dej svetr, bundu a boty. <break time=""2s"" /> Do <break time=""0.7s"" /> batohu <break time=""0.7s"" /> dej <break time=""0.7s"" /> svetr <break time=""0.7s"" /> bundu <break time=""0.7s"" /> a <break time=""0.7s"" /> boty.";natocit
42;t10;l38-u3.mp3;poslech;cj-t10-l38 úloha 3;Lyžaři vyšli z chaty a sjeli do údolí. Listí na podzim zežloutlo.;Lyžaři vyšli z chaty a sjeli do údolí. Listí na podzim zežloutlo.;natocit
43;t10;l39-u3.mp3;poslech;cj-t10-l39 úloha 3;Tomáš zapomněl doma klíče.;Tomáš zapomněl doma klíče.;natocit
44;t10;l40-d1.mp3;diktát;cj-t10-l40 úloha 5, věta 1;Táta objednal večeři.;"Táta objednal večeři. <break time=""2s"" /> Táta <break time=""0.7s"" /> objednal <break time=""0.7s"" /> večeři.";natocit
45;t10;l40-d2.mp3;diktát;cj-t10-l40 úloha 5, věta 2;Lucka zapomněla na trénink.;"Lucka zapomněla na trénink. <break time=""2s"" /> Lucka <break time=""0.7s"" /> zapomněla <break time=""0.7s"" /> na <break time=""0.7s"" /> trénink.";natocit
46;t10;l40-d3.mp3;diktát;cj-t10-l40 úloha 5, věta 3;Ten oddíl má cenný pohár.;"Ten oddíl má cenný pohár. <break time=""2s"" /> Ten <break time=""0.7s"" /> oddíl <break time=""0.7s"" /> má <break time=""0.7s"" /> cenný <break time=""0.7s"" /> pohár.";natocit
47;t10;l40-d4.mp3;diktát;cj-t10-l40 úloha 5, věta 4;Klára shodila hrnek na zem.;"Klára shodila hrnek na zem. <break time=""2s"" /> Klára <break time=""0.7s"" /> shodila <break time=""0.7s"" /> hrnek <break time=""0.7s"" /> na <break time=""0.7s"" /> zem.";natocit
